<?xml version="1.0" encoding="UTF-8"?>
<project-private xmlns="http://www.netbeans.org/ns/project-private/1">
    <editor-bookmarks xmlns="http://www.netbeans.org/ns/editor-bookmarks/2" lastBookmarkId="0"/>
    <open-files xmlns="http://www.netbeans.org/ns/projectui-open-files/2">
        <group>
            <file>file:/C:/Users/Etsh/Documents/NetBeansProjects/School/src/school/Rep.java</file>
            <file>file:/C:/Users/Etsh/Documents/NetBeansProjects/School/src/school/Rep_Fin.java</file>
            <file>file:/C:/Users/Etsh/Documents/NetBeansProjects/School/src/school/Rep_Emp.java</file>
            <file>file:/C:/Users/Etsh/Documents/NetBeansProjects/School/src/school/Pass.java</file>
            <file>file:/C:/Users/Etsh/Documents/NetBeansProjects/School/src/school/Login.java</file>
            <file>file:/C:/Users/Etsh/Documents/NetBeansProjects/School/src/school/Rep_Student.java</file>
            <file>file:/C:/Users/Etsh/Documents/NetBeansProjects/School/src/school/Home.java</file>
        </group>
    </open-files>
</project-private>
